id,central_requirement,foreign_id_grades
1,Eleven framställer olika typer av bilder med delvis genomarbetade uttrycksformer.,2
2,"I bildarbetet använder eleven olika tekniker, verktyg och material på ett i huvudsak fungerande sätt.",2
3,Utifrån syftet med bildarbetet och någon idé väljer eleven ett i huvudsak fungerande tillvägagångssätt,2
4,Under arbetsprocessen bidrar eleven till att formulera och välja handlingsalternativ.,2
5,Eleven beskriver bilders innehåll och funktion på ett enkelt sätt.,2
6,Eleven framställer olika typer av bilder med delvis genomarbetade uttrycksformer anpassade till syfte och sammanhang så att budskapet framgår.,3
7,"I bildarbetet använder eleven olika tekniker, verktyg och material på ett i huvudsak fungerande sätt och prövar då hur dessa kan kombineras för att skapa olika uttryck.",3
8,Eleven utvecklar i viss utsträckning idéer med utgångspunkt i inspirationskällor och andra uppslag,3
9,Utifrån syftet med bildarbetet väljer eleven ett i huvudsak fungerande tillvägagångssätt och ger enkla motiveringar till sina val,3
10,Under arbetsprocessen bidrar eleven till att formulera och välja handlingsalternativ.-I årskurs 7–9,3
11,"Eleven för enkla resonemang om innehåll, uttryck och funktioner i egna och andras bilder.",3
12,"Eleven visar grundläggande kunskaper om natur, kropp och hälsa, kraft och rörelse samt material och ämnen",1
13,Utifrån egna upplevelser och utforskande av närmiljön beskriver eleven enkla naturvetenskapliga samband i naturen och människokroppen,1
14,"Utifrån tydliga instruktioner utför eleven enkla fältstudier, observationer och experiment.",1
15,Eleven visar grundläggande kunskaper om biologins begrepp och förklaringsmodeller,2
16,Med viss användning av begreppen och förklaringsmodellerna beskriver eleven enkla biologiska samband i naturen och människokroppen.,2
17,Eleven använder information som rör biologi för att med viss naturvetenskaplig underbyggnad föra resonemang i frågor som rör miljö och hälsa.,2
18,Eleven söker svar på frågor genom att utföra systematiska undersökningar på ett säkert och i huvudsak fungerande sätt,2
19,Eleven värderar resultaten och beskriver på ett enkelt sätt undersökningarna.,2
20,Eleven visar grundläggande kunskaper om biologins begrepp och förklaringsmodeller-I årskurs 7–9,3
21,Med viss användning av begreppen och förklaringsmodellerna beskriver och förklarar eleven biologiska samband i naturen och människokroppen,3
22,,3
23,I frågor som rör miljö och hälsa för eleven resonemang samt framför och bemöter argument med viss naturvetenskaplig underbyggnad,3
24,Eleven söker information som rör biologi och använder då olika källor och för enkla resonemang om informationens och källornas trovärdighet och relevans.,3
25,Eleven söker svar på frågor genom att planera och utföra systematiska undersökningar på ett säkert och i huvudsak fungerande sätt,3
26,Eleven värderar undersökningarna genom att föra enkla resonemang utifrån frågeställningarna.,3
27,"Eleven lyssnar samt förstår och tolkar det mest väsentliga av innehållet i tydligt talat, enkelt språk i lugnt tempo om vardagliga och välbekanta ämnen",2
28,Eleven läser samt förstår och tolkar det mest väsentliga av innehållet i enkla texter om vardagliga och välbekanta ämnen,2
29,Eleven väljer enkel information från ett avgränsat urval av muntliga och skriftliga källor samt använder på ett delvis relevant sätt det valda materialet i sin egen produktion och interaktion.,2
30,I muntliga framställningar av olika slag formulerar sig eleven enkelt och begripligt med fraser och meningar,2
31,I skriftliga framställningar av olika slag formulerar sig eleven enkelt och begripligt med fraser och meningar.,2
32,"I interaktion uttrycker sig eleven enkelt och begripligt med ord, fraser och meningar",2
33,Dessutom använder eleven strategier som i någon mån underlättar och förbättrar interaktionen.,2
34,"Eleven kommenterar på ett enkelt sätt, på engelska, förhållanden i olika sammanhang och områden där språket används.",2
35,Eleven lyssnar samt förstår och tolkar huvudsakligt innehåll och tydliga detaljer i talat språk i måttligt tempo och i olika sammanhang,3
36,Eleven läser samt förstår och tolkar huvudsakligt innehåll och tydliga detaljer i lättillgängliga texter av olika slag,3
37,Eleven väljer och värderar innehåll i muntliga och skriftliga källor av olika slag samt använder på ett delvis relevant sätt det valda materialet i sin egen produktion och interaktion.,3
38,"I muntliga framställningar av olika slag formulerar sig eleven enkelt, begripligt och relativt sammanhängande",3
39,"I skriftliga framställningar av olika slag formulerar sig eleven enkelt, begripligt och relativt sammanhängande.",3
40,"I interaktion i olika sammanhang uttrycker sig eleven enkelt och begripligt samt i någon mån anpassat till syfte, mottagare och situation",3
41,Dessutom använder eleven strategier som i viss utsträckning underlättar och förbättrar interaktionen.,3
42,"Eleven diskuterar översiktligt, på engelska, förhållanden i olika sammanhang och områden där språket används, även utifrån egna erfarenheter eller kunskaper.",3
43,"Eleven visar grundläggande kunskaper om natur, kropp och hälsa, kraft och rörelse samt material och ämnen-I årskurs 1–3",1
44,Utifrån egna upplevelser och utforskande av närmiljön beskriver eleven enkla naturvetenskapliga samband i naturen och människokroppen-I årskurs 1–3,1
45,"Utifrån tydliga instruktioner utför eleven enkla fältstudier, observationer och experiment.-I årskurs 1–3",1
46,Eleven visar grundläggande kunskaper om fysikens begrepp och förklaringsmodeller,2
47,Med viss användning av begreppen och förklaringsmodellerna beskriver eleven enkla fysikaliska fenomen i naturen och samhället.,2
48,"Eleven använder information som rör fysik för att med viss naturvetenskaplig underbyggnad föra resonemang i frågor som rör energi, teknik och miljö.",2
49,Eleven söker svar på frågor genom att utföra systematiska undersökningar på ett säkert och i huvudsak fungerande sätt-I årskurs 4–6,2
50,Eleven värderar resultaten och beskriver på ett enkelt sätt undersökningarna.-I årskurs 4–6,2
51,Eleven visar grundläggande kunskaper om fysikens begrepp och förklaringsmodeller-I årskurs 7–9,3
52,Med viss användning av begreppen och förklaringsmodellerna beskriver och förklarar eleven fysikaliska fenomen i naturen och samhället.,3
53,"I frågor som rör energi, teknik och miljö för eleven resonemang samt framför och bemöter argument med viss naturvetenskaplig underbyggnad",3
54,Eleven söker information som rör fysik och använder då olika källor och för enkla resonemang om informationens och källornas trovärdighet och relevans.,3
55,Eleven söker svar på frågor genom att planera och utföra systematiska undersökningar på ett säkert och i huvudsak fungerande sätt-I årskurs 7–9,3
56,Eleven värderar undersökningarna genom att föra enkla resonemang utifrån frågeställningarna.-I årskurs 7–9,3
57,"Eleven visar grundläggande kunskaper om geografiska och historiska förhållanden, samhällsförhållanden och religiösa traditioner",1
58,Eleven beskriver likheter och skillnader samt orsaker och konsekvenser i sammanhang som är relevanta för ämnena,1
59,Eleven samtalar om människors livsfrågor och levnadsvillkor samt om miljöfrågor och andra samhällsfrågor ur olika perspektiv.,1
60,"Eleven använder begrepp, metoder och verktyg från de samhällsorienterande ämnena.",1
61,"Eleven visar grundläggande kunskaper om geografiska förhållanden, mönster och processer",2
62,Eleven för enkla resonemang om hur naturens processer och människors verksamheter formar och förändrar landskap och livsmiljöer i olika delar av världen,2
63,"Eleven visar även grundläggande kunskaper om namn och lägen på platser och regioner i Sverige, Europa och världen.",2
64,Eleven visar grundläggande kunskaper om miljö- och utvecklingsfrågor,2
65,Eleven för också enkla resonemang om åtgärder i frågor som rör hållbar utveckling.,2
66,Eleven använder geografins metoder och verktyg på ett i huvudsak fungerande sätt för att utifrån geografiska frågor beskriva och förklara förhållanden på olika platser och i olika regioner.,2
67,"Eleven visar grundläggande kunskaper om geografiska förhållanden, mönster och processer-I årskurs 7–9",3
68,"Eleven för enkla resonemang om orsaker till geografiska mönster och processer samt om deras konsekvenser för människa, samhälle och natur",3
69,Eleven visar även grundläggande kunskaper om namn och lägen på relevanta platser och regioner i olika delar av världen.,3
70,Eleven visar grundläggande kunskaper om miljö- och utvecklingsfrågor-I årskurs 7–9,3
71,"Eleven för också enkla resonemang om åtgärder för att främja hållbar utveckling utifrån ekologiska, sociala och ekonomiska perspektiv.",3
72,Eleven använder geografins metoder och verktyg på ett i huvudsak fungerande sätt för att utifrån geografiska frågor beskriva och analysera förhållanden på olika platser och i olika regioner.,3
73,Eleven tillagar enkla måltider och hanterar andra praktiska uppgifter som förekommer i ett hem genom att använda i huvudsak fungerande tillvägagångssätt.,2
74,Eleven ger exempel på olika sätt att spara och betala och beskriver på ett enkelt sätt vad som kan påverka konsumtionsval.,2
75,"Eleven värderar på ett enkelt sätt hur val och handlingar som förekommer i ett hem påverkar hälsa, ekonomi och miljö.",2
76,Eleven planerar och tillagar måltider och hanterar andra praktiska uppgifter som förekommer i ett hem genom att använda i huvudsak fungerande tillvägagångssätt,3
77,Eleven värderar på ett enkelt sätt hur arbetsprocessen har påverkat resultatets kvalitet.,3
78,Eleven beskriver på ett enkelt sätt faktorer och beslut som kan påverka privatekonomi och konsumtionsval.,3
79,"Eleven värderar på ett enkelt sätt hur val och handlingar som förekommer i ett hem påverkar hälsa, ekonomi och miljö.-I årskurs 7–9",3
80,"Eleven visar grundläggande kunskaper om geografiska och historiska förhållanden, samhällsförhållanden och religiösa traditioner-I årskurs 1–3",1
81,Eleven beskriver likheter och skillnader samt orsaker och konsekvenser i sammanhang som är relevanta för ämnena-I årskurs 1–3,1
82,Eleven samtalar om människors livsfrågor och levnadsvillkor samt om miljöfrågor och andra samhällsfrågor ur olika perspektiv.-I årskurs 1–3,1
83,"Eleven använder begrepp, metoder och verktyg från de samhällsorienterande ämnena.-I årskurs 1–3",1
84,"Eleven visar grundläggande kunskaper om händelser, aktörer och förändringsprocesser under olika tidsperioder samt om historiska begrepp",2
85,Eleven för enkla resonemang om orsaker till och konsekvenser av samhällsförändringar och av människors handlingar i förfluten tid,2
86,Eleven för också enkla resonemang om likheter och skillnader i människors levnadsvillkor under olika tidsperioder.,2
87,"Eleven ställer frågor till historiska källor, beskriver vad som kan vara en historisk källa och ger något exempel på vad källorna kan berätta om det förflutna.",2
88,Eleven ger exempel på hur historia kan brukas i något sammanhang,2
89,-I årskurs 4–6,2
90,"Eleven visar grundläggande kunskaper om händelser, aktörer och förändringsprocesser under olika tidsperioder samt om historiska begrepp-I årskurs 7–9",3
91,"Till detta hör att eleven visar kunskaper om särskilt centrala historiska skeenden, däribland Förintelsen",3
92,Eleven för enkla resonemang om orsaker till och konsekvenser av samhällsförändringar och av människors levnadsvillkor och handlingar i förfluten tid,3
93,Eleven för enkla resonemang om kontinuitet och förändring utifrån några långa historiska linjer.,3
94,Eleven ställer frågor till historiska källor och för enkla resonemang om vad källorna kan berätta om det förflutna samt om källornas relevans och trovärdighet.,3
95,Eleven för enkla resonemang om hur historia kan brukas i olika sammanhang och för olika syften.,3
96,Eleven genomför rörelseaktiviteter som innefattar sammansatta motoriska grundformer i olika fysiska sammanhang och anpassar sina rörelser till viss del till syftet med aktiviteterna.,2
97,Eleven genomför aktiviteter i natur- och utemiljö på ett i huvudsak fungerande sätt utifrån syftet med aktiviteterna och utifrån olika förhållanden.,2
98,Eleven värderar på ett enkelt sätt hur aktiviteterna påverkar den egna fysiska förmågan och hälsan.,2
99,Eleven förebygger på ett i huvudsak fungerande sätt risker i samband med olika aktiviteter,2
100,Eleven hanterar nödsituationer på land och vid vatten samt simmar 200 meter i en följd varav 50 meter i ryggläge.,2
101,Eleven genomför rörelseaktiviteter som innefattar komplexa rörelser i olika fysiska sammanhang och anpassar sina rörelser till viss del till syftet med aktiviteterna.,3
102,Eleven genomför friluftsaktiviteter under skilda årstider på ett i huvudsak fungerande sätt utifrån syftet med aktiviteterna och utifrån olika förhållanden och miljöer.,3
103,Eleven planerar och genomför rörelse- och friluftsaktiviteter på ett i huvudsak fungerande sätt utifrån hur de påverkar olika aspekter av fysisk förmåga och olika aspekter av hälsa,3
104,Eleven värderar på ett enkelt sätt hur olika aktiviteter och andra faktorer påverkar den egna och andras fysiska förmåga och hälsa.,3
105,Eleven förebygger på ett i huvudsak fungerande sätt risker i samband med olika aktiviteter-I årskurs 7–9,3
106,Eleven hanterar nödsituationer på land och vid vatten samt simmar 200 meter i en följd varav 50 meter i ryggläge.-I årskurs 7–9,3
107,Eleven visar grundläggande kunskaper om kemins begrepp och förklaringsmodeller,2
108,"Med viss användning av begreppen och förklaringsmodellerna beskriver eleven enkla kemiska samband i naturen, i samhället och i människokroppen.",2
109,Eleven använder information som rör kemi för att med viss naturvetenskaplig underbyggnad föra resonemang i frågor som rör miljö och hälsa.,2
110,Eleven visar grundläggande kunskaper om kemins begrepp och förklaringsmodeller-I årskurs 7–9,3
111,"Med viss användning av begreppen och förklaringsmodellerna beskriver och förklarar eleven kemiska samband i naturen, i samhället och i människokroppen.",3
112,I frågor som rör miljö och hälsa för eleven resonemang samt framför och bemöter argument med viss naturvetenskaplig underbyggnad-I årskurs 7–9,3
113,Eleven söker information som rör kemi och använder då olika källor och för enkla resonemang om informationens och källornas trovärdighet och relevans.,3
114,Eleven visar grundläggande kunskaper om matematiska begrepp och använder dem med tillfredsställande säkerhet,1
115,Eleven ger även exempel på hur några begrepp relaterar till varandra,1
116,Eleven visar grundläggande kunskaper om naturliga tal och beskriver tals inbördes relation samt delar upp tal,1
117,Eleven visar grundläggande kunskaper om tal i bråkform och delar upp helheter i delar samt jämför och namnger delarna som enkla bråk,1
118,Eleven använder och beskriver geometriska mönster och mönster i talföljder,1
119,"Dessutom använder eleven grundläggande geometriska begrepp och vanliga lägesord för att beskriva geometriska objekts egenskaper, läge och inbördes relationer",1
120,Eleven använder och ger exempel på enkla proportionella samband.,1
121,Eleven väljer och använder i huvudsak fungerande matematiska metoder för att göra enkla beräkningar med naturliga tal och lösa enkla rutinuppgifter med tillfredsställande säkerhet,1
122,Eleven använder huvudräkning för att genomföra beräkningar med de fyra räknesätten,1
123,Vid addition och subtraktion väljer och använder eleven skriftliga räknemetoder med tillfredsställande säkerhet,1
124,Eleven hanterar enkla matematiska likheter och använder då likhetstecknet på ett fungerande sätt,1
125,"Eleven avbildar och, utifrån instruktioner, konstruerar enkla geometriska objekt",1
126,"Eleven gör enkla mätningar, jämförelser och uppskattningar av längder, massor, volymer och tider och använder vanliga måttenheter",1
127,Vid olika undersökningar avläser och skapar eleven enkla tabeller och diagram för att sortera och redovisa resultat.,1
128,Eleven löser enkla problem genom att välja och använda någon strategi med viss anpassning till problemets karaktär,1
129,Eleven beskriver tillvägagångssätt och ger enkla omdömen om resultatens rimlighet.,1
130,Eleven för och följer matematiska resonemang genom att ställa och besvara frågor som i huvudsak hör till ämnet.,1
131,"Eleven beskriver och samtalar om tillvägagångssätt på ett i huvudsak fungerande sätt och använder då konkret material, bilder, symboler och andra matematiska uttrycksformer.",1
132,"Eleven visar grundläggande kunskaper om matematiska begrepp samt använder och beskriver begrepp och samband mellan begrepp inom områdena taluppfattning och tals användning, algebra, geometri, sannolikhet och statistik samt samband och förändring med tillfredsställande säkerhet.",2
133,"Eleven väljer och använder i huvudsak fungerande matematiska metoder för att göra beräkningar och lösa rutinuppgifter inom områdena taluppfattning och tals användning, algebra, geometri, sannolikhet och statistik samt samband och förändring med tillfredsställande säkerhet.",2
134,Eleven löser enkla problem,2
135,Eleven bidrar till något förslag på alternativt tillvägagångssätt och värderar resultatens rimlighet.,2
136,Eleven för och följer matematiska resonemang genom att framföra och bemöta påståenden med enkla matematiska argument.,2
137,Eleven redogör för och samtalar om tillvägagångssätt på ett i huvudsak fungerande sätt och använder då symboler och andra matematiska uttrycksformer.,2
138,"Eleven visar grundläggande kunskaper om matematiska begrepp samt använder och beskriver begrepp och samband mellan begrepp inom områdena taluppfattning och tals användning, algebra, geometri, sannolikhet och statistik samt samband och förändring med tillfredsställande säkerhet.-I årskurs 7–9",3
139,"Eleven väljer och använder i huvudsak fungerande matematiska metoder för att göra beräkningar och lösa rutinuppgifter inom områdena taluppfattning och tals användning, algebra, geometri, sannolikhet och statistik samt samband och förändring med tillfredsställande säkerhet.-I årskurs 7–9",3
140,Eleven löser enkla problem-I årskurs 7–9,3
141,Eleven bidrar till något förslag på alternativt tillvägagångssätt,3
142,I samband med problemlösning bidrar eleven till att formulera enkla matematiska modeller som kan tillämpas i sammanhanget,3
143,Eleven värderar strategier och resultatens rimlighet på ett enkelt sätt.,3
144,Eleven för och följer matematiska resonemang genom att framföra och bemöta påståenden med enkla matematiska argument.-I årskurs 7–9,3
145,Eleven redogör för och samtalar om tillvägagångssätt på ett i huvudsak fungerande sätt och använder då symboler och andra matematiska uttrycksformer.-I årskurs 7–9,3
146,"Eleven lyssnar, och förstår vanliga, enkla ord och fraser i tydligt talat, enkelt språk i långsamt tempo om välbekanta ämnen",11
147,"Eleven läser, och förstår vanliga, enkla ord och fraser i korta, enkla texter om välbekanta ämnen.",11
148,I muntliga framställningar av olika slag formulerar sig eleven mycket enkelt och i huvudsak begripligt med enstaka vanliga ord och fraser,11
149,I skriftliga framställningar av olika slag formulerar sig eleven mycket enkelt och i huvudsak begripligt med enstaka vanliga ord och fraser.,11
150,I interaktion uttrycker sig eleven mycket enkelt och i huvudsak begripligt med enstaka vanliga ord och fraser,11
151,Dessutom använder eleven strategier som i någon mån underlättar interaktionen.,11
152,"Eleven kommenterar på ett mycket enkelt sätt, på målspråket, förhållanden i olika sammanhang och områden där språket används.",11
153,"Eleven lyssnar, och förstår vanliga ord och enkla fraser i tydligt talat, enkelt språk i långsamt tempo om vardagliga och välbekanta ämnen",12
154,"Eleven läser, och förstår vanliga ord och enkla fraser i korta, enkla texter om vardagliga och välbekanta ämnen",12
155,Eleven hittar enkel information i anvisade muntliga och skriftliga källor samt använder på ett delvis relevant sätt det valda materialet i sin egen produktion och interaktion.,12
156,I muntliga framställningar av olika slag formulerar sig eleven enkelt och begripligt med enstaka ord och fraser,12
157,I skriftliga framställningar av olika slag formulerar sig eleven enkelt och begripligt med enstaka ord och fraser.,12
158,I interaktion uttrycker sig eleven enkelt och begripligt med enstaka ord och fraser,12
159,"Dessutom använder eleven strategier som i någon mån underlättar och förbättrar interaktionen.-Betygskriterier för slutet av årskurs 9, inom ramen för elevens val",12
160,"Eleven kommenterar på ett mycket enkelt sätt, på målspråket, förhållanden i olika sammanhang och områden där språket används.-Betygskriterier för slutet av årskurs 9, inom ramen för elevens val",12
161,"Eleven lyssnar, och förstår vanliga, enkla ord och fraser i tydligt talat, enkelt språk i långsamt tempo om välbekanta ämnen-Betygskriterier för slutet av årskurs 6, inom ramen för språkval",13
162,"Eleven läser, och förstår vanliga, enkla ord och fraser i korta, enkla texter om välbekanta ämnen.-Betygskriterier för slutet av årskurs 6, inom ramen för språkval",13
163,"I muntliga framställningar av olika slag formulerar sig eleven mycket enkelt och i huvudsak begripligt med enstaka vanliga ord och fraser-Betygskriterier för slutet av årskurs 6, inom ramen för språkval",13
164,"I skriftliga framställningar av olika slag formulerar sig eleven mycket enkelt och i huvudsak begripligt med enstaka vanliga ord och fraser.-Betygskriterier för slutet av årskurs 6, inom ramen för språkval",13
165,"I interaktion uttrycker sig eleven mycket enkelt och i huvudsak begripligt med enstaka vanliga ord och fraser-Betygskriterier för slutet av årskurs 6, inom ramen för språkval",13
166,"Dessutom använder eleven strategier som i någon mån underlättar interaktionen.-Betygskriterier för slutet av årskurs 6, inom ramen för språkval",13
167,"Eleven kommenterar på ett mycket enkelt sätt, på målspråket, förhållanden i olika sammanhang och områden där språket används.-Betygskriterier för slutet av årskurs 6, inom ramen för språkval",13
168,"Eleven lyssnar samt förstår och tolkar det mest väsentliga av innehållet i tydligt talat, enkelt språk i lugnt tempo om vardagliga och välbekanta ämnen-Betygskriterier för slutet av årskurs 9, inom ramen för språkval",14
169,"Eleven läser samt förstår och tolkar det mest väsentliga av innehållet i enkla texter om vardagliga och välbekanta ämnen-Betygskriterier för slutet av årskurs 9, inom ramen för språkval",14
170,"Eleven väljer enkel information från ett avgränsat urval av muntliga och skriftliga källor samt använder på ett delvis relevant sätt det valda materialet i sin egen produktion och interaktion.-Betygskriterier för slutet av årskurs 9, inom ramen för språkval",14
171,"I muntliga framställningar av olika slag formulerar sig eleven enkelt och begripligt med fraser och meningar-Betygskriterier för slutet av årskurs 9, inom ramen för språkval",14
172,I skriftliga framställningar av olika slag formulerar sig eleven enkelt och begripligt med fraser och meningar,14
173,"-Betygskriterier för slutet av årskurs 9, inom ramen för språkval",14
174,"I interaktion uttrycker sig eleven enkelt och begripligt med ord, fraser och meningar-Betygskriterier för slutet av årskurs 9, inom ramen för språkval",14
175,"Dessutom använder eleven strategier som i någon mån underlättar och förbättrar interaktionen.-Betygskriterier för slutet av årskurs 9, inom ramen för språkval",14
176,"Eleven kommenterar på ett enkelt sätt, på målspråket, förhållanden i olika sammanhang och områden där språket används.",14
177,"Eleven lyssnar, och förstår vanliga, enkla ord i tydligt talad, enkel kinesiska i mycket långsamt tempo om välbekanta ämnen.",15
178,I muntliga framställningar formulerar sig eleven mycket enkelt och i huvudsak begripligt med enstaka vanliga ord och fraser,15
179,I muntlig interaktion uttrycker sig eleven mycket enkelt och i huvudsak begripligt med enstaka vanliga ord och fraser,15
180,"Dessutom använder eleven strategier som i någon mån underlättar interaktionen.-Betygskriterier för slutet av årskurs 6, inom ramen för elevens val, kinesiska",15
181,"Eleven läser, och förstår mycket vanliga ord i korta, enkla texter som handlar om välbekanta ämnen och som är skrivna med förenklade tecken.",15
182,Eleven skriver några vanligt förekommande tecken för hand och med hjälp av digitala hjälpmedel.,15
183,"Eleven kommenterar på ett mycket enkelt sätt, på kinesiska, förhållanden i olika sammanhang och områden där språket används.",15
184,"Eleven lyssnar, och förstår vanliga ord och enkla fraser i tydligt talad, enkel kinesiska i mycket långsamt tempo om välbekanta ämnen.",16
185,"I muntliga framställningar av olika slag formulerar sig eleven enkelt och begripligt med enstaka ord och fraser-Betygskriterier för slutet av årskurs 9, inom ramen för elevens val, kinesiska",16
186,I muntlig interaktion uttrycker sig eleven enkelt och begripligt med enstaka ord och fraser,16
187,"Dessutom använder eleven strategier som i någon mån underlättar och förbättrar interaktionen.-Betygskriterier för slutet av årskurs 9, inom ramen för elevens val, kinesiska",16
188,"Eleven läser, och förstår vanliga ord i korta, enkla texter som handlar om välbekanta ämnen och som är skrivna med förenklade tecken.",16
189,"Eleven använder några vanligt förekommande tecken för att med viss säkerhet skriva korta, enkla texter för hand och med hjälp av digitala hjälpmedel.",16
190,"Eleven kommenterar på ett mycket enkelt sätt, på kinesiska, förhållanden i olika sammanhang och områden där språket används.-Betygskriterier för slutet av årskurs 9, inom ramen för elevens val, kinesiska",16
191,"Eleven lyssnar, och förstår vanliga, enkla ord i tydligt talad, enkel kinesiska i mycket långsamt tempo om välbekanta ämnen.-Betygskriterier för slutet av årskurs 6, inom ramen för språkval, kinesiska",17
192,"I muntliga framställningar formulerar sig eleven mycket enkelt och i huvudsak begripligt med enstaka vanliga ord och fraser-Betygskriterier för slutet av årskurs 6, inom ramen för språkval, kinesiska",17
193,"I muntlig interaktion uttrycker sig eleven mycket enkelt och i huvudsak begripligt med enstaka vanliga ord och fraser-Betygskriterier för slutet av årskurs 6, inom ramen för språkval, kinesiska",17
194,"Dessutom använder eleven strategier som i någon mån underlättar interaktionen.-Betygskriterier för slutet av årskurs 6, inom ramen för språkval, kinesiska",17
195,"Eleven läser, och förstår mycket vanliga ord i korta, enkla texter som handlar om välbekanta ämnen och som är skrivna med förenklade tecken.-Betygskriterier för slutet av årskurs 6, inom ramen för språkval, kinesiska",17
196,"Eleven skriver några vanligt förekommande tecken för hand och med hjälp av digitala hjälpmedel.-Betygskriterier för slutet av årskurs 6, inom ramen för språkval, kinesiska",17
197,"Eleven kommenterar på ett mycket enkelt sätt, på kinesiska, förhållanden i olika sammanhang och områden där språket används.-Betygskriterier för slutet av årskurs 6, inom ramen för språkval, kinesiska",17
198,"Eleven lyssnar, och förstår vanliga ord och enkla fraser i tydligt talad, enkel kinesiska i långsamt tempo om vardagliga och välbekanta ämnen",18
199,Eleven hittar enkel information i anvisade muntliga källor och använder på ett delvis relevant sätt det valda materialet i sin egen produktion och interaktion.,18
200,"I muntliga framställningar av olika slag formulerar sig eleven enkelt och begripligt med enstaka ord och fraser-Betygskriterier för slutet av årskurs 9, inom ramen för språkval, kinesiska",18
201,"I muntlig interaktion uttrycker sig eleven enkelt och begripligt med enstaka ord och fraser-Betygskriterier för slutet av årskurs 9, inom ramen för språkval, kinesiska",18
202,"Dessutom använder eleven strategier som i någon mån underlättar och förbättrar interaktionen.-Betygskriterier för slutet av årskurs 9, inom ramen för språkval, kinesiska",18
203,"Eleven läser, och förstår vanliga ord och enkla fraser i korta, enkla texter som handlar om vardagliga och välbekanta ämnen och som är skrivna med förenklade tecken",18
204,Eleven hittar mycket enkel information i anvisade skriftliga källor och använder på ett delvis relevant sätt det valda materialet i sin egen produktion och interaktion.,18
205,Eleven skriver med hjälp av digitala hjälpmedel och i viss utsträckning även för hand,18
206,I skriftliga framställningar med förenklade tecken formulerar sig eleven enkelt och begripligt med enstaka ord och fraser,18
207,I skriftlig interaktion med förenklade tecken uttrycker sig eleven enkelt och begripligt med enstaka ord och fraser.,18
208,"Eleven kommenterar på ett mycket enkelt sätt, på kinesiska, förhållanden i olika sammanhang och områden där språket används.-Betygskriterier för slutet av årskurs 9, inom ramen för språkval, kinesiska",18
209,Eleven samtalar om bekanta ämnen på ett sätt som till viss del upprätthåller samtalen,2
210,"Dessutom förbereder och genomför eleven muntliga framställningar med i huvudsak fungerande inledning, innehåll och avslutning och viss anpassning till syfte och mottagare.",2
211,"Eleven skriver, utifrån modersmålets särdrag, olika slags texter med begripligt innehåll, i huvudsak fungerande struktur och viss språklig variation",2
212,Eleven följer grundläggande regler för språkriktighet med viss säkerhet.,2
213,Eleven läser olika texter med visst flyt och visar grundläggande läsförståelse,2
214,Eleven för enkla resonemang om tydligt framträdande budskap i olika texter.,2
215,Eleven beskriver på ett enkelt sätt likheter och skillnader i skriftspråk mellan modersmålet och svenska.,2
216,"Eleven beskriver på ett enkelt sätt, även utifrån egna erfarenheter eller kunskaper, om traditioner och företeelser med anknytning till områden där modersmålet talas.",2
217,Eleven samtalar om och diskuterar varierande ämnen på ett sätt som till viss del utvecklar samtalen och diskussionerna,3
218,"Dessutom förbereder och genomför eleven muntliga framställningar med i huvudsak fungerande struktur, innehåll och viss anpassning till syfte, mottagare och sammanhang.",3
219,"Eleven skriver, utifrån modersmålets särdrag, olika slags texter med viss språklig variation, i huvudsak fungerande struktur och innehåll samt viss anpassning till texttyp, syfte, mottagare och sammanhang",3
220,Eleven följer grundläggande regler för språkriktighet med viss säkerhet.-I årskurs 7–9,3
221,Eleven läser olika texter med flyt och visar grundläggande läsförståelse,3
222,Dessutom tolkar och för eleven enkla resonemang om budskap i olika texter.,3
223,Eleven för enkla resonemang om likheter och skillnader i skriftspråk mellan modersmålet och svenska,3
224,"Dessutom jämför och översätter eleven ord, begrepp och fraser mellan modersmålet och svenska på ett i huvudsak fungerande sätt.",3
225,"Eleven beskriver och resonerar på ett enkelt sätt om traditioner, kulturella företeelser och samhällsfrågor med anknytning till områden där modersmålet talas",3
226,"Eleven gör då enkla jämförelser med förhållanden i Sverige, även utifrån egna erfarenheter eller kunskaper.",3
227,"Eleven samtalar om bekanta ämnen på ett sätt som till viss del upprätthåller samtalen-Betygskriterier för slutet av årskurs 6, inom ramen för finska som förstaspråk",28
228,"Dessutom förbereder och genomför eleven muntliga framställningar med i huvudsak fungerande inledning, innehåll och avslutning och viss anpassning till syfte och mottagare.-Betygskriterier för slutet av årskurs 6, inom ramen för finska som förstaspråk",28
229,"Eleven skriver olika slags texter med begripligt innehåll, i huvudsak fungerande struktur och viss språklig variation",28
230,"Eleven följer grundläggande regler för stavning, meningsbyggnad och ordböjning med viss säkerhet.",28
231,"Eleven läser olika texter med visst flyt och visar grundläggande läsförståelse-Betygskriterier för slutet av årskurs 6, inom ramen för finska som förstaspråk",28
232,"Eleven för enkla resonemang om tydligt framträdande budskap i olika texter.-Betygskriterier för slutet av årskurs 6, inom ramen för finska som förstaspråk",28
233,"Eleven ger enkla exempel på sociala, historiska och kulturella företeelser som berör sverigefinnar.",28
234,"Eleven samtalar om och diskuterar varierande ämnen på ett sätt som till viss del utvecklar samtalen och diskussionerna-Betygskriterier för slutet av årskurs 9, inom ramen för finska som förstaspråk",29
235,"Dessutom förbereder och genomför eleven muntliga framställningar med i huvudsak fungerande struktur, innehåll och viss anpassning till syfte, mottagare och sammanhang.-Betygskriterier för slutet av årskurs 9, inom ramen för finska som förstaspråk",29
236,"Eleven skriver olika slags texter med viss språklig variation, i huvudsak fungerande struktur och innehåll samt viss anpassning till texttyp, syfte, mottagare och sammanhang",29
237,"Eleven följer grundläggande regler för språkriktighet med viss säkerhet.-Betygskriterier för slutet av årskurs 9, inom ramen för finska som förstaspråk",29
238,"Eleven läser olika texter med flyt och visar grundläggande läsförståelse-Betygskriterier för slutet av årskurs 9, inom ramen för finska som förstaspråk",29
239,"Dessutom tolkar och för eleven enkla resonemang om budskap i olika texter.-Betygskriterier för slutet av årskurs 9, inom ramen för finska som förstaspråk",29
240,"Eleven för enkla resonemang om företeelser, levnadsvillkor och samhällsfrågor som berör sverigefinnar.",29
241,"Eleven visar grundläggande kunskaper om finskans ursprung, utveckling och språkets ställning i Sverige.",29
242,"Eleven lyssnar, och förstår vanliga ord och enkla fraser i tydligt talat, enkelt språk i långsamt tempo om vardagliga och välbekanta ämnen-Betygskriterier för slutet av årskurs 6, inom ramen för finska som andraspråk",30
243,"Eleven läser, och förstår vanliga ord och enkla fraser i korta, enkla texter om vardagliga och välbekanta ämnen-Betygskriterier för slutet av årskurs 6, inom ramen för finska som andraspråk",30
244,"Eleven hittar enkel information i anvisade muntliga och skriftliga källor samt använder på ett delvis relevant sätt det valda materialet i sin egen produktion och interaktion.-Betygskriterier för slutet av årskurs 6, inom ramen för finska som andraspråk",30
245,"I muntliga framställningar av olika slag formulerar sig eleven enkelt och begripligt med enstaka ord och fraser-Betygskriterier för slutet av årskurs 6, inom ramen för finska som andraspråk",30
246,"I skriftliga framställningar av olika slag formulerar sig eleven enkelt och begripligt med enstaka ord och fraser.-Betygskriterier för slutet av årskurs 6, inom ramen för finska som andraspråk",30
247,"I interaktion uttrycker sig eleven enkelt och begripligt med enstaka ord och fraser-Betygskriterier för slutet av årskurs 6, inom ramen för finska som andraspråk",30
248,"Dessutom använder eleven strategier som i någon mån underlättar och förbättrar interaktionen.-Betygskriterier för slutet av årskurs 6, inom ramen för finska som andraspråk",30
249,"Eleven ger enkla exempel på sociala, historiska och kulturella företeelser som berör sverigefinnar.-Betygskriterier för slutet av årskurs 6, inom ramen för finska som andraspråk",30
250,"Eleven lyssnar samt förstår och tolkar det mest väsentliga av innehållet i tydligt talat, enkelt språk i lugnt tempo om vardagliga och välbekanta ämnen-Betygskriterier för slutet av årskurs 9, inom ramen för finska som andraspråk",31
251,"Eleven läser samt förstår och tolkar det mest väsentliga av innehållet i enkla texter om vardagliga och välbekanta ämnen-Betygskriterier för slutet av årskurs 9, inom ramen för finska som andraspråk",31
252,"Eleven väljer enkel information från ett avgränsat urval av muntliga och skriftliga källor samt använder på ett delvis relevant sätt det valda materialet i sin egen produktion och interaktion.-Betygskriterier för slutet av årskurs 9, inom ramen för finska som andraspråk",31
253,"I muntliga framställningar av olika slag formulerar sig eleven enkelt och begripligt med fraser och meningar-Betygskriterier för slutet av årskurs 9, inom ramen för finska som andraspråk",31
254,"I skriftliga framställningar av olika slag formulerar sig eleven enkelt och begripligt med fraser och meningar.-Betygskriterier för slutet av årskurs 9, inom ramen för finska som andraspråk",31
255,"I interaktion uttrycker sig eleven enkelt och begripligt med ord, fraser och meningar-Betygskriterier för slutet av årskurs 9, inom ramen för finska som andraspråk",31
256,"Dessutom använder eleven strategier som i någon mån underlättar och förbättrar interaktionen.-Betygskriterier för slutet av årskurs 9, inom ramen för finska som andraspråk",31
257,"Eleven för enkla resonemang om företeelser, levnadsvillkor och samhällsfrågor som berör sverigefinnar.-Betygskriterier för slutet av årskurs 9, inom ramen för finska som andraspråk",31
258,"Eleven visar grundläggande kunskaper om finskans ursprung, utveckling och språkets ställning i Sverige.-Betygskriterier för slutet av årskurs 9, inom ramen för finska som andraspråk",31
259,"Eleven samtalar om bekanta ämnen på ett sätt som till viss del upprätthåller samtalen-Betygskriterier för slutet av årskurs 6, inom ramen för jiddisch som förstaspråk",38
260,"Dessutom förbereder och genomför eleven muntliga framställningar med i huvudsak fungerande inledning, innehåll och avslutning och viss anpassning till syfte och mottagare.-Betygskriterier för slutet av årskurs 6, inom ramen för jiddisch som förstaspråk",38
261,"Eleven skriver olika slags texter med begripligt innehåll, i huvudsak fungerande struktur och viss språklig variation-Betygskriterier för slutet av årskurs 6, inom ramen för jiddisch som förstaspråk",38
262,"Eleven följer grundläggande regler för stavning, meningsbyggnad och ordböjning med viss säkerhet.-Betygskriterier för slutet av årskurs 6, inom ramen för jiddisch som förstaspråk",38
263,"Eleven läser olika texter med visst flyt och visar grundläggande läsförståelse-Betygskriterier för slutet av årskurs 6, inom ramen för jiddisch som förstaspråk",38
264,"Eleven för enkla resonemang om tydligt framträdande budskap i olika texter.-Betygskriterier för slutet av årskurs 6, inom ramen för jiddisch som förstaspråk",38
265,"Eleven ger enkla exempel på sociala, historiska och kulturella företeelser som berör judar.",38
266,"Eleven samtalar om och diskuterar varierande ämnen på ett sätt som till viss del utvecklar samtalen och diskussionerna-Betygskriterier för slutet av årskurs 9, inom ramen för jiddisch som förstaspråk",39
267,"Dessutom förbereder och genomför eleven muntliga framställningar med i huvudsak fungerande struktur, innehåll och viss anpassning till syfte, mottagare och sammanhang.-Betygskriterier för slutet av årskurs 9, inom ramen för jiddisch som förstaspråk",39
268,"Eleven skriver olika slags texter med viss språklig variation, i huvudsak fungerande struktur och innehåll samt viss anpassning till texttyp, syfte, mottagare och sammanhang-Betygskriterier för slutet av årskurs 9, inom ramen för jiddisch som förstaspråk",39
269,"Eleven följer grundläggande regler för språkriktighet med viss säkerhet.-Betygskriterier för slutet av årskurs 9, inom ramen för jiddisch som förstaspråk",39
270,"Eleven läser olika texter med flyt och visar grundläggande läsförståelse-Betygskriterier för slutet av årskurs 9, inom ramen för jiddisch som förstaspråk",39
271,"Dessutom tolkar och för eleven enkla resonemang om budskap i olika texter.-Betygskriterier för slutet av årskurs 9, inom ramen för jiddisch som förstaspråk",39
272,"Eleven för enkla resonemang om företeelser, levnadsvillkor och samhällsfrågor som berör judar.",39
273,"Eleven visar grundläggande kunskaper om jiddischens ursprung, utveckling och språkets ställning i Sverige.",39
274,"Eleven lyssnar, och förstår vanliga ord och enkla fraser i tydligt talat, enkelt språk i långsamt tempo om vardagliga och välbekanta ämnen-Betygskriterier för slutet av årskurs 6, inom ramen för jiddisch som andraspråk",40
275,"Eleven läser, och förstår vanliga ord och enkla fraser i korta, enkla texter om vardagliga och välbekanta ämnen-Betygskriterier för slutet av årskurs 6, inom ramen för jiddisch som andraspråk",40
276,"Eleven hittar enkel information i anvisade muntliga och skriftliga källor samt använder på ett delvis relevant sätt det valda materialet i sin egen produktion och interaktion.-Betygskriterier för slutet av årskurs 6, inom ramen för jiddisch som andraspråk",40
277,"I muntliga framställningar av olika slag formulerar sig eleven enkelt och begripligt med enstaka ord och fraser-Betygskriterier för slutet av årskurs 6, inom ramen för jiddisch som andraspråk",40
278,"I skriftliga framställningar av olika slag formulerar sig eleven enkelt och begripligt med enstaka ord och fraser.-Betygskriterier för slutet av årskurs 6, inom ramen för jiddisch som andraspråk",40
279,"I interaktion uttrycker sig eleven enkelt och begripligt med enstaka ord och fraser-Betygskriterier för slutet av årskurs 6, inom ramen för jiddisch som andraspråk",40
280,"Dessutom använder eleven strategier som i någon mån underlättar och förbättrar interaktionen.-Betygskriterier för slutet av årskurs 6, inom ramen för jiddisch som andraspråk",40
281,"Eleven ger enkla exempel på sociala, historiska och kulturella företeelser som berör judar.-Betygskriterier för slutet av årskurs 6, inom ramen för jiddisch som andraspråk",40
282,"Eleven lyssnar samt förstår och tolkar det mest väsentliga av innehållet i tydligt talat, enkelt språk i lugnt tempo om vardagliga och välbekanta ämnen-Betygskriterier för slutet av årskurs 9, inom ramen för jiddisch som andraspråk",41
283,"Eleven läser samt förstår och tolkar det mest väsentliga av innehållet i enkla texter om vardagliga och välbekanta ämnen-Betygskriterier för slutet av årskurs 9, inom ramen för jiddisch som andraspråk",41
284,"Eleven väljer enkel information från ett avgränsat urval av muntliga och skriftliga källor samt använder på ett delvis relevant sätt det valda materialet i sin egen produktion och interaktion.-Betygskriterier för slutet av årskurs 9, inom ramen för jiddisch som andraspråk",41
285,"I muntliga framställningar av olika slag formulerar sig eleven enkelt och begripligt med fraser och meningar-Betygskriterier för slutet av årskurs 9, inom ramen för jiddisch som andraspråk",41
286,"I skriftliga framställningar av olika slag formulerar sig eleven enkelt och begripligt med fraser och meningar.-Betygskriterier för slutet av årskurs 9, inom ramen för jiddisch som andraspråk",41
287,"I interaktion uttrycker sig eleven enkelt och begripligt med ord, fraser och meningar-Betygskriterier för slutet av årskurs 9, inom ramen för jiddisch som andraspråk",41
288,"Dessutom använder eleven strategier som i någon mån underlättar och förbättrar interaktionen.-Betygskriterier för slutet av årskurs 9, inom ramen för jiddisch som andraspråk",41
289,"Eleven för enkla resonemang om företeelser, levnadsvillkor och samhällsfrågor som berör judar.-Betygskriterier för slutet av årskurs 9, inom ramen för jiddisch som andraspråk",41
290,"Eleven visar grundläggande kunskaper om jiddischens ursprung, utveckling och språkets ställning i Sverige.-Betygskriterier för slutet av årskurs 9, inom ramen för jiddisch som andraspråk",41
291,"Eleven samtalar om bekanta ämnen på ett sätt som till viss del upprätthåller samtalen-Betygskriterier för slutet av årskurs 6, inom ramen för meänkieli som förstaspråk",48
292,"Dessutom förbereder och genomför eleven muntliga framställningar med i huvudsak fungerande inledning, innehåll och avslutning och viss anpassning till syfte och mottagare.-Betygskriterier för slutet av årskurs 6, inom ramen för meänkieli som förstaspråk",48
293,"Eleven skriver olika slags texter med begripligt innehåll, i huvudsak fungerande struktur och viss språklig variation-Betygskriterier för slutet av årskurs 6, inom ramen för meänkieli som förstaspråk",48
294,"Eleven följer grundläggande regler för stavning, meningsbyggnad och ordböjning med viss säkerhet.-Betygskriterier för slutet av årskurs 6, inom ramen för meänkieli som förstaspråk",48
295,"Eleven läser olika texter med visst flyt och visar grundläggande läsförståelse-Betygskriterier för slutet av årskurs 6, inom ramen för meänkieli som förstaspråk",48
296,"Eleven för enkla resonemang om tydligt framträdande budskap i olika texter.-Betygskriterier för slutet av årskurs 6, inom ramen för meänkieli som förstaspråk",48
297,"Eleven ger enkla exempel på sociala, historiska och kulturella företeelser som berör tornedalingar och andra meänkielitalande.",48
298,"Eleven samtalar om och diskuterar varierande ämnen på ett sätt som till viss del utvecklar samtalen och diskussionerna-Betygskriterier för slutet av årskurs 9, inom ramen för meänkieli som förstaspråk",49
299,"Dessutom förbereder och genomför eleven muntliga framställningar med i huvudsak fungerande struktur, innehåll och viss anpassning till syfte, mottagare och sammanhang.-Betygskriterier för slutet av årskurs 9, inom ramen för meänkieli som förstaspråk",49
300,"Eleven skriver olika slags texter med viss språklig variation, i huvudsak fungerande struktur och innehåll samt viss anpassning till texttyp, syfte, mottagare och sammanhang-Betygskriterier för slutet av årskurs 9, inom ramen för meänkieli som förstaspråk",49
301,"Eleven följer grundläggande regler för språkriktighet med viss säkerhet.-Betygskriterier för slutet av årskurs 9, inom ramen för meänkieli som förstaspråk",49
302,"Eleven läser olika texter med flyt och visar grundläggande läsförståelse-Betygskriterier för slutet av årskurs 9, inom ramen för meänkieli som förstaspråk",49
303,"Dessutom tolkar och för eleven enkla resonemang om budskap i olika texter.-Betygskriterier för slutet av årskurs 9, inom ramen för meänkieli som förstaspråk",49
304,"Eleven för enkla resonemang om företeelser, levnadsvillkor och samhällsfrågor som berör tornedalingar och andra meänkielitalande.",49
305,"Eleven visar grundläggande kunskaper om meänkielins ursprung, utveckling och språkets ställning i Sverige.",49
306,"Eleven lyssnar, och förstår vanliga ord och enkla fraser i tydligt talat, enkelt språk i långsamt tempo om vardagliga och välbekanta ämnen-Betygskriterier för slutet av årskurs 6, inom ramen för meänkieli som andraspråk",50
307,"Eleven läser, och förstår vanliga ord och enkla fraser i korta, enkla texter om vardagliga och välbekanta ämnen-Betygskriterier för slutet av årskurs 6, inom ramen för meänkieli som andraspråk",50
308,"Eleven hittar enkel information i anvisade muntliga och skriftliga källor samt använder på ett delvis relevant sätt det valda materialet i sin egen produktion och interaktion.-Betygskriterier för slutet av årskurs 6, inom ramen för meänkieli som andraspråk",50
309,"I muntliga framställningar av olika slag formulerar sig eleven enkelt och begripligt med enstaka ord och fraser-Betygskriterier för slutet av årskurs 6, inom ramen för meänkieli som andraspråk",50
310,"I skriftliga framställningar av olika slag formulerar sig eleven enkelt och begripligt med enstaka ord och fraser.-Betygskriterier för slutet av årskurs 6, inom ramen för meänkieli som andraspråk",50
311,"I interaktion uttrycker sig eleven enkelt och begripligt med enstaka ord och fraser-Betygskriterier för slutet av årskurs 6, inom ramen för meänkieli som andraspråk",50
312,"Dessutom använder eleven strategier som i någon mån underlättar och förbättrar interaktionen.-Betygskriterier för slutet av årskurs 6, inom ramen för meänkieli som andraspråk",50
313,"Eleven ger enkla exempel på sociala, historiska och kulturella företeelser som berör tornedalingar och andra meänkielitalande.-Betygskriterier för slutet av årskurs 6, inom ramen för meänkieli som andraspråk",50
314,"Eleven lyssnar samt förstår och tolkar det mest väsentliga av innehållet i tydligt talat, enkelt språk i lugnt tempo om vardagliga och välbekanta ämnen-Betygskriterier för slutet av årskurs 9, inom ramen för meänkieli som andraspråk",51
315,"Eleven läser samt förstår och tolkar det mest väsentliga av innehållet i enkla texter om vardagliga och välbekanta ämnen-Betygskriterier för slutet av årskurs 9, inom ramen för meänkieli som andraspråk",51
316,"Eleven väljer enkel information från ett avgränsat urval av muntliga och skriftliga källor samt använder på ett delvis relevant sätt det valda materialet i sin egen produktion och interaktion.-Betygskriterier för slutet av årskurs 9, inom ramen för meänkieli som andraspråk",51
317,"I muntliga framställningar av olika slag formulerar sig eleven enkelt och begripligt med fraser och meningar-Betygskriterier för slutet av årskurs 9, inom ramen för meänkieli som andraspråk",51
318,"I skriftliga framställningar av olika slag formulerar sig eleven enkelt och begripligt med fraser och meningar.-Betygskriterier för slutet av årskurs 9, inom ramen för meänkieli som andraspråk",51
319,"I interaktion uttrycker sig eleven enkelt och begripligt med ord, fraser och meningar-Betygskriterier för slutet av årskurs 9, inom ramen för meänkieli som andraspråk",51
320,"Dessutom använder eleven strategier som i någon mån underlättar och förbättrar interaktionen.-Betygskriterier för slutet av årskurs 9, inom ramen för meänkieli som andraspråk",51
321,"Eleven för enkla resonemang om företeelser, levnadsvillkor och samhällsfrågor som berör tornedalingar och andra meänkielitalande.-Betygskriterier för slutet av årskurs 9, inom ramen för meänkieli som andraspråk",51
322,"Eleven visar grundläggande kunskaper om meänkielins ursprung, utveckling och språkets ställning i Sverige.-Betygskriterier för slutet av årskurs 9, inom ramen för meänkieli som andraspråk",51
323,"Eleven samtalar om bekanta ämnen på ett sätt som till viss del upprätthåller samtalen-Betygskriterier för slutet av årskurs 6, inom ramen för romani chib som förstaspråk",58
324,"Dessutom förbereder och genomför eleven muntliga framställningar med i huvudsak fungerande inledning, innehåll och avslutning och viss anpassning till syfte och mottagare.-Betygskriterier för slutet av årskurs 6, inom ramen för romani chib som förstaspråk",58
325,"Eleven skriver olika slags texter med begripligt innehåll, i huvudsak fungerande struktur och viss språklig variation-Betygskriterier för slutet av årskurs 6, inom ramen för romani chib som förstaspråk",58
326,"Eleven följer grundläggande regler för stavning, meningsbyggnad och ordböjning med viss säkerhet.-Betygskriterier för slutet av årskurs 6, inom ramen för romani chib som förstaspråk",58
327,"Eleven läser olika texter med visst flyt och visar grundläggande läsförståelse-Betygskriterier för slutet av årskurs 6, inom ramen för romani chib som förstaspråk",58
328,"Eleven för enkla resonemang om tydligt framträdande budskap i olika texter.-Betygskriterier för slutet av årskurs 6, inom ramen för romani chib som förstaspråk",58
329,"Eleven ger enkla exempel på sociala, historiska och kulturella företeelser som berör romer.",58
330,"Eleven samtalar om och diskuterar varierande ämnen på ett sätt som till viss del utvecklar samtalen och diskussionerna-Betygskriterier för slutet av årskurs 9, inom ramen för romani chib som förstaspråk",59
331,"Dessutom förbereder och genomför eleven muntliga framställningar med i huvudsak fungerande struktur, innehåll och viss anpassning till syfte, mottagare och sammanhang.-Betygskriterier för slutet av årskurs 9, inom ramen för romani chib som förstaspråk",59
332,"Eleven skriver olika slags texter med viss språklig variation, i huvudsak fungerande struktur och innehåll samt viss anpassning till texttyp, syfte, mottagare och sammanhang-Betygskriterier för slutet av årskurs 9, inom ramen för romani chib som förstaspråk",59
333,"Eleven följer grundläggande regler för språkriktighet med viss säkerhet.-Betygskriterier för slutet av årskurs 9, inom ramen för romani chib som förstaspråk",59
334,"Eleven läser olika texter med flyt och visar grundläggande läsförståelse-Betygskriterier för slutet av årskurs 9, inom ramen för romani chib som förstaspråk",59
335,"Dessutom tolkar och för eleven enkla resonemang om budskap i olika texter.-Betygskriterier för slutet av årskurs 9, inom ramen för romani chib som förstaspråk",59
336,"Eleven för enkla resonemang om företeelser, levnadsvillkor och samhällsfrågor som berör romer.",59
337,"Eleven visar grundläggande kunskaper om romani chibs ursprung, utveckling och språkets ställning i Sverige.",59
338,"Eleven lyssnar, och förstår vanliga ord och enkla fraser i tydligt talat, enkelt språk i långsamt tempo om vardagliga och välbekanta ämnen-Betygskriterier för slutet av årskurs 6, inom ramen för romani som andraspråk",60
339,"Eleven läser, och förstår vanliga ord och enkla fraser i korta, enkla texter om vardagliga och välbekanta ämnen-Betygskriterier för slutet av årskurs 6, inom ramen för romani som andraspråk",60
340,"Eleven hittar enkel information i anvisade muntliga och skriftliga källor samt använder på ett delvis relevant sätt det valda materialet i sin egen produktion och interaktion.-Betygskriterier för slutet av årskurs 6, inom ramen för romani som andraspråk",60
341,"I muntliga framställningar av olika slag formulerar sig eleven enkelt och begripligt med enstaka ord och fraser-Betygskriterier för slutet av årskurs 6, inom ramen för romani som andraspråk",60
342,"I skriftliga framställningar av olika slag formulerar sig eleven enkelt och begripligt med enstaka ord och fraser.-Betygskriterier för slutet av årskurs 6, inom ramen för romani som andraspråk",60
343,"I interaktion uttrycker sig eleven enkelt och begripligt med enstaka ord och fraser-Betygskriterier för slutet av årskurs 6, inom ramen för romani som andraspråk",60
344,"Dessutom använder eleven strategier som i någon mån underlättar och förbättrar interaktionen.-Betygskriterier för slutet av årskurs 6, inom ramen för romani som andraspråk",60
345,"Eleven ger enkla exempel på sociala, historiska och kulturella företeelser som berör romer.-Betygskriterier för slutet av årskurs 6, inom ramen för romani som andraspråk",60
346,"Eleven lyssnar samt förstår och tolkar det mest väsentliga av innehållet i tydligt talat, enkelt språk i lugnt tempo om vardagliga och välbekanta ämnen-Betygskriterier för slutet av årskurs 9, inom ramen för romani som andraspråk",61
347,"Eleven läser samt förstår och tolkar det mest väsentliga av innehållet i enkla texter om vardagliga och välbekanta ämnen-Betygskriterier för slutet av årskurs 9, inom ramen för romani som andraspråk",61
348,"Eleven väljer enkel information från ett avgränsat urval av muntliga och skriftliga källor samt använder på ett delvis relevant sätt det valda materialet i sin egen produktion och interaktion.-Betygskriterier för slutet av årskurs 9, inom ramen för romani som andraspråk",61
349,"I muntliga framställningar av olika slag formulerar sig eleven enkelt och begripligt med fraser och meningar-Betygskriterier för slutet av årskurs 9, inom ramen för romani som andraspråk",61
350,"I skriftliga framställningar av olika slag formulerar sig eleven enkelt och begripligt med fraser och meningar.-Betygskriterier för slutet av årskurs 9, inom ramen för romani som andraspråk",61
351,"I interaktion uttrycker sig eleven enkelt och begripligt med ord, fraser och meningar-Betygskriterier för slutet av årskurs 9, inom ramen för romani som andraspråk",61
352,"Dessutom använder eleven strategier som i någon mån underlättar och förbättrar interaktionen.-Betygskriterier för slutet av årskurs 9, inom ramen för romani som andraspråk",61
353,"Eleven för enkla resonemang om företeelser, levnadsvillkor och samhällsfrågor som berör romer.-Betygskriterier för slutet av årskurs 9, inom ramen för romani som andraspråk",61
354,"Eleven visar grundläggande kunskaper om romani chibs ursprung, utveckling och språkets ställning i Sverige.-Betygskriterier för slutet av årskurs 9, inom ramen för romani som andraspråk",61
355,Eleven musicerar och genomför sina sång- och spelstämmor med viss säkerhet,2
356,Dessutom anpassar eleven i huvudsak sitt musicerande till det musikaliska sammanhanget.,2
357,Genom musikaliskt skapande uttrycker eleven idéer och tankar på ett i huvudsak fungerande sätt,2
358,Eleven komponerar musikaliska uttryck som har en i huvudsak fungerande form.,2
359,Eleven urskiljer och ger med viss säkerhet exempel på instrument och musikaliska karaktärsdrag i olika typer av musik,2
360,"Dessutom uttrycker eleven viss förståelse för musikens innehåll, funktion och betydelse i något sammanhang.",2
361,Eleven musicerar och genomför sina sång- och spelstämmor med viss säkerhet-I årskurs 7–9,3
362,Dessutom anpassar eleven sitt musicerande i huvudsak till det musikaliska sammanhanget och musikens karaktär.,3
363,Genom musikaliskt skapande uttrycker eleven idéer och tankar på ett i huvudsak fungerande sätt-I årskurs 7–9,3
364,Eleven komponerar musik som har en i huvudsak fungerande form och karaktäristisk stil.,3
365,Eleven urskiljer och jämför musikaliska karaktärsdrag i musik från olika tidsperioder och genrer med viss säkerhet,3
366,"Dessutom uttrycker eleven viss förståelse för musikens innehåll, funktion och betydelse i olika sammanhang.",3
367,Eleven visar grundläggande kunskaper om religioner,2
368,Eleven för enkla resonemang om likheter och skillnader mellan och inom några religioner samt om vad religion kan betyda för människor.,2
369,Eleven visar grundläggande kunskaper om frågor som rör relationen mellan religion och samhälle.,2
370,Eleven för enkla resonemang om moraliska frågor och livsfrågor.,2
371,Eleven visar grundläggande kunskaper om religioner och andra livsåskådningar,3
372,Eleven för enkla resonemang om likheter och skillnader i centrala tankegångar och religiösa praktiker mellan och inom olika religioner samt om vad religion och livsåskådning kan betyda för människor.,3
373,Eleven för enkla resonemang om frågor som rör relationen mellan religion och samhälle.,3
374,"Eleven för enkla resonemang om etik, moraliska frågor och livsfrågor.",3
375,Eleven visar grundläggande kunskaper om demokrati och mänskliga rättigheter.,2
376,Eleven visar grundläggande kunskaper om förhållanden och strukturer i samhället,2
377,Eleven beskriver enkla samband inom olika samhällsstrukturer,2
378,Eleven för enkla resonemang om hur människor kan påverka och påverkas av förhållanden och strukturer i samhället.,2
379,Eleven för enkla resonemang om samhällsfrågor utifrån kunskaper om förhållanden och strukturer i samhället,2
380,Eleven granskar information och åsikter som rör samhällsfrågor i olika källor med enkla källkritiska argument.,2
381,Eleven visar grundläggande kunskaper om demokratiska värden och beslutsprocesser samt om mänskliga rättigheter,3
382,Eleven för enkla resonemang om olika frågor med koppling till demokratins möjligheter och utmaningar.,3
383,Eleven visar grundläggande kunskaper om förhållanden och strukturer i samhället-I årskurs 7–9,3
384,Eleven beskriver enkla samband inom och mellan olika samhällsstrukturer,3
385,Eleven för enkla resonemang om hur individer och grupper kan påverka och påverkas av förhållanden och strukturer i samhället.,3
386,Eleven för enkla resonemang om samhällsfrågor utifrån kunskaper om förhållanden och strukturer i samhället-I årskurs 7–9,3
387,Eleven granskar information och åsikter som rör samhällsfrågor i olika källor med enkla källkritiska argument.-I årskurs 7–9,3
388,Eleven formger och framställer på ett delvis genomarbetat sätt enkla slöjdföremål i olika material och med enkla hantverkstekniker,2
389,I slöjdarbetet använder eleven verktyg på ett säkert och i huvudsak fungerande sätt.,2
390,Utifrån syftet med slöjdarbetet och någon idé väljer eleven ett i huvudsak fungerande tillvägagångssätt,2
391,Under arbetsprocessen bidrar eleven till att formulera och välja handlingsalternativ.-I årskurs 4–6,2
392,Eleven beskriver på ett enkelt sätt arbetsprocessen och hur den har påverkat slöjdföremålets kvalitet.,2
393,Eleven formger och framställer slöjdföremål på ett delvis genomarbetat sätt,3
394,I slöjdarbetet använder eleven verktyg på ett säkert och i huvudsak fungerande sätt.-I årskurs 7–9,3
395,Eleven utvecklar i viss utsträckning idéer med utgångspunkt i inspirationskällor och prövar då hur material och hantverkstekniker kan kombineras med hänsyn till föremålens form och funktion,3
396,Utifrån syftet med slöjdarbetet väljer eleven ett i huvudsak fungerande tillvägagångssätt och ger enkla motiveringar till sina val,3
397,"Eleven för enkla resonemang om arbetsprocessen och resultatet samt hur det genomförda arbetet har påverkat kvaliteten, uttrycket och miljön",3
398,-I årskurs 7–9,3
399,"Eleven läser meningar i enkla, bekanta och elevnära texter genom att använda ljudningsstrategi och helordsläsning på ett delvis fungerande sätt",62
400,Eleven återger och kommenterar någon del av innehållet och visar begynnande läsförståelse,62
401,Med stöd av bilder eller frågor uppmärksammar eleven när det uppstår problem med läsningen av ord eller med förståelse av sammanhanget och prövar då att läsa om och korrigera sig själv,62
402,I samtal om texter som eleven lyssnat till för eleven enkla resonemang om texternas tydligt framträdande innehåll och jämför detta med egna erfarenheter.,62
403,"Eleven samtalar om elevnära frågor och ämnen och ställer frågor, ger kommentarer och framför egna åsikter",1
404,När eleven berättar om vardagliga händelser beskriver eleven dem så att innehållet tydligt framgår,1
405,Dessutom ger och tar eleven enkla muntliga instruktioner.,1
406,Eleven skriver enkla texter med läslig handstil och med digitala verktyg,1
407,"I texterna använder eleven stor bokstav, punkt och frågetecken samt kan stava ord som eleven själv ofta använder och som är vanligt förekommande i elevnära texter",1
408,"De berättande texter eleven skriver har tydlig inledning, handling och avslutning.",1
409,Eleven läser bekanta och elevnära texter med flyt genom att använda lässtrategier på ett i huvudsak fungerande sätt,1
410,Eleven kommenterar och återger delar av innehållet och visar grundläggande läsförståelse,1
411,Eleven för också enkla resonemang om tydligt framträdande budskap i texterna.,1
412,Eleven söker information ur någon anvisad källa och återger grundläggande delar av informationen i enkla faktatexter,1
413,Texterna innehåller egna formuleringar och grundläggande ämnesspecifika ord och begrepp som används så att innehållet klart framgår.,1
414,Eleven samtalar om bekanta ämnen på ett sätt som till viss del upprätthåller samtalen-I årskurs 4–6,2
415,"Dessutom förbereder och genomför eleven muntliga framställningar med i huvudsak fungerande inledning, innehåll och avslutning och viss anpassning till syfte och mottagare.-I årskurs 4–6",2
416,"Eleven skriver olika slags texter med begripligt innehåll, i huvudsak fungerande struktur och viss språklig variation-I årskurs 4–6",2
417,Eleven följer grundläggande regler för språkriktighet med viss säkerhet.-I årskurs 4–6,2
418,Eleven läser skönlitteratur och sakprosatexter för barn och ungdomar med flyt och visar grundläggande läsförståelse,2
419,Dessutom sammanfattar eleven olika texter med viss säkerhet,2
420,Eleven för också enkla resonemang om tydligt framträdande budskap i olika texter.,2
421,Eleven söker och väljer med viss säkerhet information från ett avgränsat urval av källor och presenterar informationen med egna formuleringar och ämnesspecifika ord och begrepp,2
422,Eleven för enkla resonemang om informationens användbarhet.,2
423,Eleven för utifrån givna exempel enkla resonemang om några aspekter av språk och språkbruk i Sverige och Norden.,2
424,Eleven samtalar om och diskuterar varierande ämnen på ett sätt som till viss del utvecklar samtalen och diskussionerna-I årskurs 7–9,3
425,Eleven framför åsikter med till viss del underbyggda argument,3
426,"Dessutom förbereder och genomför eleven muntliga framställningar med i huvudsak fungerande struktur och innehåll och viss anpassning till syfte, mottagare och sammanhang.",3
427,"Eleven skriver olika slags texter med viss språklig variation, i huvudsak fungerande struktur och innehåll samt viss anpassning till texttyp, syfte, mottagare och sammanhang-I årskurs 7–9",3
428,Eleven följer språkliga normer på ett i huvudsak fungerande sätt.,3
429,Eleven läser skönlitteratur och sakprosatexter med flyt och visar grundläggande läsförståelse,3
430,Dessutom sammanfattar eleven olika texter med viss säkerhet-I årskurs 7–9,3
431,Eleven för enkla resonemang om innehållet i olika texter,3
432,Eleven visar också grundläggande kunskaper om skönlitteratur och de sammanhang som olika verk har tillkommit i.,3
433,"Eleven söker och väljer med viss säkerhet information från olika källor och presenterar informationen på ett i huvudsak fungerande sätt, med egna formuleringar, ämnesrelaterat språk samt citat och källhänvisningar",3
434,Eleven för till viss del underbyggda resonemang om informationens och källornas trovärdighet och relevans.,3
435,Eleven för utifrån givna exempel enkla resonemang om några aspekter av språk och språkbruk i Sverige och Norden.-I årskurs 7–9,3
436,"Eleven läser meningar i enkla, bekanta och elevnära texter genom att använda ljudningsstrategi och helordsläsning på ett delvis fungerande sätt-Kriterier för bedömning av godtagbara kunskaper i läsförståelse i slutet av årskurs 1",62
437,Eleven återger och kommenterar någon del av innehållet och visar begynnande läsförståelse-Kriterier för bedömning av godtagbara kunskaper i läsförståelse i slutet av årskurs 1,62
438,Med stöd av bilder eller frågor uppmärksammar eleven när det uppstår problem med läsningen av ord eller med förståelse av sammanhanget och prövar då att läsa om och korrigera sig själv-Kriterier för bedömning av godtagbara kunskaper i läsförståelse i slutet av årskurs 1,62
439,I samtal om texter som eleven lyssnat till för eleven enkla resonemang om texternas tydligt framträdande innehåll och jämför detta med egna erfarenheter.-Kriterier för bedömning av godtagbara kunskaper i läsförståelse i slutet av årskurs 1,62
440,Eleven visar ett grundläggande ordförråd i samtal om elevnära frågor och ämnen,1
441,"I samtalen ställer eleven frågor, ger kommentarer och framför egna åsikter",1
442,När eleven berättar om vardagliga händelser beskriver eleven dem så att det huvudsakliga innehållet framgår,1
443,Dessutom ger och tar eleven enkla muntliga instruktioner,1
444,Eleven uppmärksammar när språkliga missförstånd uppstår och ber då om förtydliganden.,1
445,Eleven skriver enkla texter med läslig handstil och med digitala verktyg-I årskurs 1–3,1
446,"I texterna använder eleven stor bokstav, punkt och frågetecken samt kan stava ord som eleven själv ofta använder och som är vanligt förekommande i elevnära texter-I årskurs 1–3",1
447,De berättande texter eleven skriver har en enkel röd tråd och i huvudsak fungerande handling.,1
448,Eleven läser bekanta och elevnära texter med flyt genom att använda lässtrategier på ett i huvudsak fungerande sätt-I årskurs 1–3,1
449,Eleven kommenterar och återger delar av innehållet och visar grundläggande läsförståelse-I årskurs 1–3,1
450,Eleven för också enkla resonemang om tydligt framträdande budskap i texterna.-I årskurs 1–3,1
451,Eleven söker information ur någon anvisad källa och återger grundläggande delar av informationen i enkla faktatexter-I årskurs 1–3,1
452,Texterna innehåller egna formuleringar och grundläggande ämnesspecifika ord och begrepp som används så att innehållet blir begripligt.,1
453,"Dessutom förbereder och genomför eleven muntliga framställningar med i huvudsak fungerande inledning, innehåll och avslutning och viss anpassning till syfte och mottagare",2
454,Elevens muntliga kommunikation kan i olika grad innehålla andraspråksdrag beroende på den innehållsliga och tankemässiga komplexiteten.,2
455,Eleven följer grundläggande regler för språkriktighet på ett i huvudsak fungerande sätt,2
456,Elevens texter kan i olika grad innehålla andraspråksdrag beroende på den innehållsliga och tankemässiga komplexiteten.,2
457,Eleven läser skönlitteratur och sakprosatexter för barn och ungdomar med flyt och visar grundläggande läsförståelse-I årskurs 4–6,2
458,Dessutom sammanfattar eleven olika texter med viss säkerhet-I årskurs 4–6,2
459,Eleven för också enkla resonemang om tydligt framträdande budskap i olika texter.-I årskurs 4–6,2
460,Eleven söker och väljer med viss säkerhet information från ett avgränsat urval av källor och presenterar informationen med egna formuleringar och ämnesspecifika ord och begrepp-I årskurs 4–6,2
461,Eleven för enkla resonemang om informationens användbarhet.-I årskurs 4–6,2
462,Eleven framför åsikter med till viss del underbyggda argument-I årskurs 7–9,3
463,"Dessutom förbereder och genomför eleven muntliga framställningar med i huvudsak fungerande struktur och innehåll och viss anpassning till syfte, mottagare och sammanhang",3
464,Elevens muntliga kommunikation kan i olika grad innehålla andraspråksdrag beroende på den innehållsliga och tankemässiga komplexiteten.-I årskurs 7–9,3
465,Eleven följer språkliga normer på ett i huvudsak fungerande sätt,3
466,Elevens texter kan i olika grad innehålla andraspråksdrag beroende på den innehållsliga och tankemässiga komplexiteten.-I årskurs 7–9,3
467,Eleven läser skönlitteratur och sakprosatexter med flyt och visar grundläggande läsförståelse-I årskurs 7–9,3
468,Eleven för enkla resonemang om innehållet i olika texter-I årskurs 7–9,3
469,Eleven visar också grundläggande kunskaper om skönlitteratur och de sammanhang som olika verk har tillkommit i.-I årskurs 7–9,3
470,"Eleven söker och väljer med viss säkerhet information från olika källor och presenterar informationen på ett i huvudsak fungerande sätt, med egna formuleringar, ämnesrelaterat språk samt citat och källhänvisningar-I årskurs 7–9",3
471,Eleven för till viss del underbyggda resonemang om informationens och källornas trovärdighet och relevans,3
472,"Eleven förstår vanliga, enkla tecken och fraser i tydligt och enkelt teckenspråk i långsamt tempo om välbekanta ämnen.",11
473,I framställningar av olika slag formulerar sig eleven mycket enkelt och i huvudsak begripligt med enstaka vanliga tecken och fraser.,11
474,I interaktion uttrycker sig eleven mycket enkelt och i huvudsak begripligt med enstaka vanliga tecken och fraser,11
475,"Dessutom använder eleven strategier som i någon mån underlättar interaktionen.-Betygskriterier för slutet av årskurs 6, inom ramen för elevens val",11
476,"Eleven kommenterar på ett mycket enkelt sätt, på teckenspråk, förhållanden i olika sammanhang där teckenspråk används.",11
477,"Eleven förstår enkel bokstavering, vanliga tecken och enkla fraser i tydligt och enkelt teckenspråk i långsamt tempo om vardagliga och välbekanta ämnen",12
478,"Eleven hittar enkel information i anvisade teckenspråkiga källor, samt använder på ett delvis relevant sätt det valda materialet i sin egen produktion och interaktion.",12
479,"I framställningar av olika slag formulerar sig eleven enkelt och begripligt med bokstavering, enstaka tecken och fraser.",12
480,"I interaktion uttrycker sig eleven enkelt och begripligt med bokstavering, enstaka tecken och fraser",12
481,"Eleven kommenterar på ett mycket enkelt sätt, på teckenspråk, förhållanden i olika sammanhang där teckenspråk används.-Betygskriterier för slutet av årskurs 9, inom ramen för elevens val",12
482,"Eleven förstår vanliga, enkla tecken och fraser i tydligt och enkelt teckenspråk i långsamt tempo om välbekanta ämnen.-Betygskriterier för slutet av årskurs 6, inom ramen för språkval",13
483,"I framställningar av olika slag formulerar sig eleven mycket enkelt och i huvudsak begripligt med enstaka vanliga tecken och fraser.-Betygskriterier för slutet av årskurs 6, inom ramen för språkval",13
484,"I interaktion uttrycker sig eleven mycket enkelt och i huvudsak begripligt med enstaka vanliga tecken och fraser-Betygskriterier för slutet av årskurs 6, inom ramen för språkval",13
485,"Eleven kommenterar på ett mycket enkelt sätt, på teckenspråk, förhållanden i olika sammanhang där teckenspråk används.-Betygskriterier för slutet av årskurs 6, inom ramen för språkval",13
486,Eleven förstår och tolkar det mest väsentliga av innehållet i tydligt och enkelt teckenspråk i lugnt tempo om vardagliga och välbekanta ämnen,14
487,Eleven väljer enkel information från ett avgränsat urval av teckenspråkiga källor samt använder på ett delvis relevant sätt det valda materialet i sin egen produktion och interaktion.,14
488,I framställningar av olika slag formulerar sig eleven enkelt och begripligt med fraser och meningar.,14
489,"I interaktion uttrycker sig eleven enkelt och begripligt med tecken, fraser och meningar",14
490,"Eleven kommenterar på ett enkelt sätt, på teckenspråk, förhållanden i olika sammanhang där teckenspråk används.",14
491,Eleven ger exempel på tekniska lösningar och beskriver på ett enkelt sätt några av deras för- och nackdelar för individ och miljö samt hur de har förändrats över tid.,2
492,Eleven undersöker tekniska lösningar och beskriver på ett enkelt sätt hur några delar samverkar för att uppnå ändamålsenlighet och funktion.,2
493,Eleven genomför enkla teknikutvecklings- och konstruktionsarbeten på ett delvis genomarbetat sätt,2
494,I arbetet bidrar eleven till att formulera och välja handlingsalternativ,2
495,Eleven gör dokumentationer där intentionen i lösningen till viss del är synliggjord.,2
496,"Eleven för enkla resonemang om val av tekniska lösningar och deras konsekvenser för individ, samhälle och miljö",3
497,Eleven beskriver på ett enkelt sätt hur några tekniska lösningar har förändrats över tid och orsaker till förändringarna.,3
498,Eleven undersöker olika tekniska lösningar och förklarar på ett enkelt sätt hur ingående delar samverkar för att uppnå ändamålsenlighet och funktion.,3
499,Eleven genomför teknikutvecklings- och konstruktionsarbeten på ett delvis genomarbetat sätt,3
500,I arbetet prövar eleven idéer till lösningar och bidrar till att formulera och välja handlingsalternativ,3
501,Eleven gör dokumentationer där intentionen i lösningen till viss del är synliggjord.-I årskurs 7–9,3
502,Eleven kan utföra rörelsevokabulär i den klassiska balettens och den moderna nutida dansens formspråk,2
503,I en av dessa genrer utför eleven rörelsevokabulär med viss säkerhet,2
504,I den andra genren utför eleven rörelsevokabulär på ett i huvudsak fungerande sätt.,2
505,"Eleven utför på ett i huvudsak fungerande sätt variationer i rörelsekvaliteter, rörelseflöde och dynamik",2
506,Eleven anpassar med viss säkerhet danstekniken till den egna kroppen i förhållande till rummet och andra medverkande samt följer och anpassar till viss del danstekniken till olika musikaliska aspekter,2
507,Eleven kan förhålla sig konstnärligt till dansteknik och visar det genom att med viss säkerhet anpassa sina rörelser till genrens formspråk och stilkrav.,2
508,Eleven kan på ett i huvudsak fungerande sätt utföra rörelsevokabulär i andra dansgenrers formspråk.,2
509,Eleven improviserar genom att med viss säkerhet associera och skapa rörelser utifrån olika instruktioner,2
510,Eleven kan med viss säkerhet tolka och memorera enkelt danstekniskt och koreografiskt rörelsematerial,2
511,Eleven framför koreografier med i huvudsak fungerande scenisk närvaro och relevant uttryck.,2
512,"Eleven kan med viss säkerhet tillämpa träningsprocessens delar och de koder och konventioner som används vid dansteknisk träning, samt vid repetitionsprocessen",2
513,Eleven fokuserar i nuet med viss säkerhet och visar det genom att på ett i huvudsak fungerande sätt vara uppmärksam på de uppgifter som ska utföras,2
514,Eleven kan med viss anpassning interagera och samspela med andra elever utifrån olika former av instruktioner.,2
515,Eleven genomför på ett i huvudsak fungerande sätt en bredd av träningsaktiviteter som utvecklar den kroppsliga förmågan,2
516,Eleven kan föra enkla resonemang om träningsprocessen och de danstekniska resultaten och kan med viss säkerhet utveckla de danstekniska färdigheterna,2
517,Eleven kan beskriva någon faktor som påverkar kropp och träning och ger exempel på enkelt identifierbara samband mellan denna faktor och dansteknikträningen.,2
518,Eleven kan med viss säkerhet använda grundläggande begrepp och uttryck för ämnesområdet.,2
519,Eleven kan utföra rörelsevokabulär i den klassiska balettens och den moderna nutida dansens formspråk-I årskurs 7–9,3
520,I en av dessa genrer utför eleven rörelsevokabulär med viss säkerhet-I årskurs 7–9,3
521,I den andra genren utför eleven rörelsevokabulär på ett i huvudsak fungerande sätt.-I årskurs 7–9,3
522,"Eleven utför på ett i huvudsak fungerande sätt variationer i rörelsekvaliteter, rörelseflöde och dynamik-I årskurs 7–9",3
523,Eleven anpassar med viss säkerhet danstekniken till den egna kroppen i förhållande till rummet och andra medverkande samt följer och anpassar till viss del danstekniken till olika musikaliska aspekter-I årskurs 7–9,3
524,Eleven kan förhålla sig konstnärligt till dansteknik och visar det genom att med viss säkerhet anpassa sina rörelser till genrens formspråk och stilkrav.-I årskurs 7–9,3
525,Eleven kan på ett i huvudsak fungerande sätt utföra rörelsevokabulär i andra dansgenrers formspråk.-I årskurs 7–9,3
526,Eleven improviserar genom att med viss säkerhet associera och skapa rörelser utifrån olika instruktioner-I årskurs 7–9,3
527,Eleven kan med viss säkerhet tolka och memorera danstekniskt och koreografiskt rörelsematerial,3
528,Eleven framför med tillfredställande resultat koreografier med scenisk närvaro och relevant uttryck.,3
529,"Eleven kan med viss säkerhet tillämpa träningsprocessens delar och de koder och konventioner som används vid dansteknisk träning, samt vid repetitionsprocessen och sceniska produktioner",3
530,Eleven fokuserar i nuet med viss säkerhet och visar det genom att på ett i huvudsak fungerande sätt vara uppmärksam på de uppgifter som ska utföras under träningsprocessen och på scenen,3
531,Eleven kan med viss anpassning interagera och samspela med andra elever utifrån olika former av instruktioner,3
532,Eleven kan med viss säkerhet tillämpa och bearbeta feedback och visar det genom att till viss del korrigera och anpassa aktiviteten till syftet och sammanhanget.,3
533,Eleven genomför på ett i huvudsak fungerande sätt en bredd av träningsaktiviteter som utvecklar den kroppsliga förmågan-I årskurs 7–9,3
534,Eleven kan föra enkla resonemang om träningsprocessen och de danstekniska resultaten och kan med viss säkerhet utveckla och förfina de danstekniska färdigheterna,3
535,Eleven kan beskriva någon faktor som påverkar kropp och träning och förklarar enkelt identifierbara samband mellan denna faktor och dansteknikträningen.,3
536,Eleven kan med viss säkerhet kommunicera med andra inom yrkesområdet och använder då grundläggande begrepp och uttryck för ämnesområdet.,3
537,Eleven visar grundläggande kunskaper om tolkningar och praktiker inom judiska religiösa traditioner och sekulära förhållningssätt,3
538,Eleven för enkla resonemang om likheter och skillnader mellan olika inriktningar och förhållningssätt.,3
539,Eleven visar grundläggande kunskaper om det judiska folkets historia,3
540,Eleven för enkla resonemang om orsaker till och konsekvenser av samhällsförändringar och av människors levnadsvillkor och handlingar under olika tidsperioder,3
541,Eleven för också enkla resonemang om hur myter och historia brukas för olika syften.,3
542,Eleven för enkla resonemang om hur kulturer och identiteter har utvecklats och utvecklas inom judiska gemenskaper och genom judars möten med olika samhällen.,3
543,Eleven för enkla resonemang om olika samhällsfrågor som är relevanta för ämnet,3
544,Eleven ställer frågor till historiska och nutida källor och för enkla resonemang om vad källorna kan berätta samt om källornas relevans och trovärdighet.,3
